Código;Nombre provisional;Categoría sugerida;Precio PEN (completar);Disponible (completar);Fotos;Observaciones
PD-001;Corto negro de tirantes cruzados;Cortos con brillo;;;1;No publicar: falta confirmar nombre, precio y disponibilidad
PD-002;Corto gris con pedrería y bajo en punta;Cortos con brillo;;;1;No publicar: falta confirmar nombre, precio y disponibilidad
PD-003;Corto verde lima halter con transparencias;Cortos con brillo;;;1;No publicar: falta confirmar nombre, precio y disponibilidad
PD-004;Corto negro asimétrico con volantes;Cortos con brillo;;;1;No publicar: falta confirmar nombre, precio y disponibilidad
PD-005;Corto negro y blanco asimétrico con brillo;Cortos con brillo;;;1;No publicar: falta confirmar nombre, precio y disponibilidad
PD-006;Midi azul halter con abertura;Bandage;;;2;No publicar: falta confirmar nombre, precio y disponibilidad
PD-007;Corto amarillo de tirantes;Cortos;;;2;No publicar: falta confirmar nombre, precio y disponibilidad
PD-008;Corto negro strapless con encaje;Cortos;;;1;No publicar: falta confirmar nombre, precio y disponibilidad
PD-009;Corto champagne de manga larga con pedrería;Cortos con brillo;;;1;No publicar: falta confirmar nombre, precio y disponibilidad
PD-010;Largo azul de mangas amplias;Gala;;;1;No publicar: falta confirmar nombre, precio y disponibilidad
PD-011;Largo azul oscuro de hombros descubiertos;Gala;;;1;No publicar: falta confirmar nombre, precio y disponibilidad
PD-012;Largo burdeos con brillo;Gala;;;2;No publicar: falta confirmar nombre, precio y disponibilidad
PD-013;Midi fucsia de tirantes con aberturas;Bandage;;;2;No publicar: falta confirmar nombre, precio y disponibilidad
PD-014;Corto dorado strapless asimétrico;Cortos con brillo;;;1;No publicar: falta confirmar nombre, precio y disponibilidad
PD-015;Midi gris de hombros descubiertos con flecos;Cortos con brillo;;;1;No publicar: falta confirmar nombre, precio y disponibilidad
PD-016;Largo rosa metálico plisado;Gala;;;2;No publicar: falta confirmar nombre, precio y disponibilidad
PD-017;Midi gris vista posterior por identificar;Por identificar;;;1;"Revisar identificación; excluido del catálogo de vestidos"
PD-018;Corto negro y blanco strapless con lazo;Bandage;;;1;No publicar: falta confirmar nombre, precio y disponibilidad
PD-019;Largo estampado cebra con degradado verde;Largos;;;3;No publicar: falta confirmar nombre, precio y disponibilidad
PD-020;Corto burdeos con pieza estampada asimétrica;Cortos;;;1;No publicar: falta confirmar nombre, precio y disponibilidad
PD-021;Largo morado de mangas amplias con pedrería;Gala;;;2;No publicar: falta confirmar nombre, precio y disponibilidad
PD-022;Largo verde lima de tirantes con abertura;Gala;;;3;No publicar: falta confirmar nombre, precio y disponibilidad
PD-023;Largo azul de hombros descubiertos con abertura;Gala;;;3;No publicar: falta confirmar nombre, precio y disponibilidad
PD-024;Largo negro con lazo burdeos asimétrico;Gala;;;3;No publicar: falta confirmar nombre, precio y disponibilidad
PD-025;Midi celeste con capa corta;Cortos;;;3;No publicar: falta confirmar nombre, precio y disponibilidad
PD-026;Midi negro con capa y pedrería;Cortos con brillo;;;2;No publicar: falta confirmar nombre, precio y disponibilidad
PD-027;Midi amarillo de tirantes;Bandage;;;3;No publicar: falta confirmar nombre, precio y disponibilidad
PD-028;Corto amarillo de tirantes con costuras;Bandage;;;2;No publicar: falta confirmar nombre, precio y disponibilidad
PD-029;Largo negro con aplicaciones rosadas;Gala;;;1;No publicar: falta confirmar nombre, precio y disponibilidad
PD-030;Midi plateado y negro de tirantes;Cortos con brillo;;;2;No publicar: falta confirmar nombre, precio y disponibilidad
PD-031;Largo rojo con pedrería y abertura;Gala;;;1;No publicar: falta confirmar nombre, precio y disponibilidad
PD-032;Largo rojo con escote y tirantes de pedrería;Gala;;;3;No publicar: falta confirmar nombre, precio y disponibilidad
PD-033;Largo rosa de manga larga con botones;Largos;;;2;No publicar: falta confirmar nombre, precio y disponibilidad
PD-034;Corto burdeos de manga larga con pedrería;Cortos con brillo;;;1;No publicar: falta confirmar nombre, precio y disponibilidad
PD-035;Largo azul de hombros descubiertos y falda amplia;Gala;;;2;No publicar: falta confirmar nombre, precio y disponibilidad
PD-036;Largo fucsia asimétrico con volantes;Gala;;;2;No publicar: falta confirmar nombre, precio y disponibilidad
PD-037;Largo azul petróleo de terciopelo;Gala;;;2;No publicar: falta confirmar nombre, precio y disponibilidad
PD-038;Largo rojo de manga larga con aplicaciones;Gala;;;2;No publicar: falta confirmar nombre, precio y disponibilidad
PD-039;Largo verde de terciopelo con pedrería y abertura;Gala;;;2;No publicar: falta confirmar nombre, precio y disponibilidad
PD-040;Corto gris con cola y hombros descubiertos;Gala;;;2;No publicar: falta confirmar nombre, precio y disponibilidad
PD-041;Largo negro con degradado dorado;Gala;;;2;No publicar: falta confirmar nombre, precio y disponibilidad
PD-042;Largo burdeos de manga larga con abertura;Gala;;;2;No publicar: falta confirmar nombre, precio y disponibilidad
PD-043;Largo azul y verde con pedrería;Gala;;;2;No publicar: falta confirmar nombre, precio y disponibilidad
PD-044;Midi negro con busto estructurado;Bandage;;;2;No publicar: falta confirmar nombre, precio y disponibilidad
PD-045;Largo negro y champagne asimétrico con pedrería;Gala;;;2;No publicar: falta confirmar nombre, precio y disponibilidad
PD-046;Corto verde de terciopelo asimétrico;Cortos;;;2;No publicar: falta confirmar nombre, precio y disponibilidad
PD-047;Corto verde de terciopelo de manga larga;Cortos;;;2;No publicar: falta confirmar nombre, precio y disponibilidad
PD-048;Largo champagne asimétrico con pedrería;Gala;;;2;No publicar: falta confirmar nombre, precio y disponibilidad
PD-049;Largo verde halter con pedrería y abertura;Gala;;;1;No publicar: falta confirmar nombre, precio y disponibilidad
PD-050;Largo blanco de tirantes con aplicaciones;Gala;;;1;No publicar: falta confirmar nombre, precio y disponibilidad
PD-051;Midi rojo strapless con escote corazón;Bandage;;;1;No publicar: falta confirmar nombre, precio y disponibilidad
PD-052;Conjunto de top negro y falda blanca y rosa;Fuera de vestidos;;;1;"Revisar identificación; excluido del catálogo de vestidos"
PD-053;Largo crema asimétrico con abertura;Largos;;;1;No publicar: falta confirmar nombre, precio y disponibilidad
PD-054;Largo blanco de hombros descubiertos con diseño geométrico;Gala;;;2;No publicar: falta confirmar nombre, precio y disponibilidad
PD-055;Largo gris asimétrico con falda bordada;Largos;;;2;No publicar: falta confirmar nombre, precio y disponibilidad
PD-056;Midi blanco con mangas capa y abertura;Cortos;;;2;No publicar: falta confirmar nombre, precio y disponibilidad
PD-057;Capa negra de tul y encaje;Fuera de vestidos;;;2;"Revisar identificación; excluido del catálogo de vestidos"
PD-058;Largo crema con diseño dorado;Gala;;;2;No publicar: falta confirmar nombre, precio y disponibilidad
PD-059;Largo champagne de cuello alto con pedrería;Gala;;;2;No publicar: falta confirmar nombre, precio y disponibilidad
PD-060;Largo champagne de tirantes con abertura;Gala;;;2;No publicar: falta confirmar nombre, precio y disponibilidad
PD-061;Midi dorado de tirantes;Bandage;;;2;No publicar: falta confirmar nombre, precio y disponibilidad
PD-062;Corto negro vista posterior por identificar;Por identificar;;;1;"Revisar identificación; excluido del catálogo de vestidos"
PD-063;Midi blanco de hombros descubiertos y manga larga;Bandage;;;2;No publicar: falta confirmar nombre, precio y disponibilidad
PD-064;Largo negro con tul y puños plateados;Largos;;;2;No publicar: falta confirmar nombre, precio y disponibilidad
PD-065;Largo blanco y azul de tirantes con pedrería;Gala;;;2;No publicar: falta confirmar nombre, precio y disponibilidad
PD-066;Largo champagne de tirantes con estampado;Gala;;;2;No publicar: falta confirmar nombre, precio y disponibilidad
PD-067;Largo burdeos de tirantes con aplicaciones;Largos;;;1;No publicar: falta confirmar nombre, precio y disponibilidad
PD-068;Corto celeste de mangas amplias;Cortos;;;1;No publicar: falta confirmar nombre, precio y disponibilidad
PD-069;Vestido dorado con flecos y abertura;Gala;;;1;No publicar: falta confirmar nombre, precio y disponibilidad
PD-070;Midi fucsia con aberturas;Bandage;;;1;No publicar: falta confirmar nombre, precio y disponibilidad
PD-071;Conjunto negro y blanco con top peplum;Fuera de vestidos;;;1;"Revisar identificación; excluido del catálogo de vestidos"
PD-072;Corto amarillo de tirantes por confirmar;Cortos;;;1;No publicar: falta confirmar nombre, precio y disponibilidad
PD-073;Midi negro con tirantes cruzados de pedrería;Bandage;;;1;No publicar: falta confirmar nombre, precio y disponibilidad
PD-074;Corto blanco y beige con transparencias;Cortos;;;1;No publicar: falta confirmar nombre, precio y disponibilidad
PD-075;Midi negro de manga larga con abertura y pedrería;Bandage;;;1;No publicar: falta confirmar nombre, precio y disponibilidad
PD-076;Corto blanco asimétrico;Cortos;;;1;No publicar: falta confirmar nombre, precio y disponibilidad
PD-077;Midi crema halter con falda plisada;Cortos;;;1;No publicar: falta confirmar nombre, precio y disponibilidad
PD-078;Corto champagne de manga larga con lentejuelas;Cortos con brillo;;;1;No publicar: falta confirmar nombre, precio y disponibilidad
PD-079;Corto negro de tul de manga larga;Cortos;;;1;No publicar: falta confirmar nombre, precio y disponibilidad
PD-080;Midi dorado asimétrico satinado;Cortos;;;1;No publicar: falta confirmar nombre, precio y disponibilidad
PD-081;Vestido corto negro de brillos plateados;Cortos con brillo;549.00;;1;"Confirmado por el usuario. Foto R011; distinto del código 174."
