Nombre;Precio PEN confirmado;Video;Fotos originales;Estado;Origen
Vestido de gala en degradado;749;5;R027, R028, R029;Coincidencia visual confirmada;Nueva asociación mediante grabación
Vestido de gasa azul;649;5;R015;Coincidencia visual confirmada;Nueva asociación mediante grabación
Vestido largo morado claro;649;5;R035, R038;Coincidencia visual confirmada;Nueva asociación mediante grabación
Vestido largo corte sirena negro con lazo y mangas;549;5;R043, R045, R046;Coincidencia visual confirmada;Nueva asociación mediante grabación
Vestido corto cuello diagonal, plisado y liso;319;3;R165;Coincidencia visual confirmada;Nueva asociación mediante grabación
Vestido corto celeste con corte sirena;239;3;R049, R050, R156;Coincidencia visual confirmada;Nueva asociación mediante grabación
Vestido Corto Bellmet asimétrica color verde;189;3;R093, R096;Coincidencia visual confirmada;Nueva asociación mediante grabación
Vestido color verde terciopelo semi drapeado con manga y escote;429;3;R094, R095, R166;Coincidencia visual confirmada;Nueva asociación mediante grabación
Vestido corto blanco drapeado con mangas largas;389;3;R132, R133;Coincidencia visual confirmada;Nueva asociación mediante grabación
Vestido de cuello cuadrado de manga larga color rosado;299;3;R065, R066, R164;Coincidencia visual confirmada;Nueva asociación mediante grabación
Vestido drapeado azul asimétrico;389;3;R142, R153;Coincidencia visual confirmada;Nueva asociación mediante grabación
Bandage dress nude con blanco;389;4;R154;Coincidencia visual confirmada;Nueva asociación mediante grabación
Vestido Bandage Dorado;449;4;R126, R127;Coincidencia visual confirmada;Nueva asociación mediante grabación
Vestido Bandage negro con aplicaciones plateadas;389;4;R150;Coincidencia visual confirmada;Nueva asociación mediante grabación
Vestido Bandage rojo;389;4;R107;Coincidencia visual confirmada;Nueva asociación mediante grabación
Vestido Bandage negro con rosado y perlas rosadas;679;4;R060;Coincidencia visual confirmada;Nueva asociación mediante grabación
Vestido Bandage negro con lazo blanco;389;4;R026, R145;Coincidencia visual confirmada;Nueva asociación mediante grabación
Vestido Bandage Amarillo — mini;389;4;R149;Coincidencia visual confirmada;Nueva asociación mediante grabación
Vestido Bandage Amarillo — midi;429;4;R055, R059, R148;Coincidencia visual confirmada;Nueva asociación mediante grabación
Vestido largo fucsia;389.0;;R033;Asociación real previamente revisada;"Catálogo y revisión previa; no se atribuye evidencia nueva al video"
Vestido largo amarillo con lazo;449.0;;R030, R034;Asociación real previamente revisada;"Catálogo y revisión previa; no se atribuye evidencia nueva al video"
Vestido corto azul con estampado floral;68.7;;R155;Asociación real previamente revisada;"Catálogo y revisión previa; no se atribuye evidencia nueva al video"
Vestido bandage verde con rayas;379.0;;R152;Asociación real previamente revisada;"Catálogo y revisión previa; no se atribuye evidencia nueva al video"
Vestido transparente con diamantes de imitación;164.5;;R031;Asociación real previamente revisada;"Catálogo y revisión previa; no se atribuye evidencia nueva al video"
Vestido corto dorado de una manga;194.5;;R044;Asociación real previamente revisada;"Catálogo y revisión previa; no se atribuye evidencia nueva al video"
Vestido rojo largo de manga abanicada;289.0;;R128, R129;Asociación real previamente revisada;"Catálogo y revisión previa; no se atribuye evidencia nueva al video"
Vestido blanco de corte sirena de manga larga de rosas;349.0;;R047, R048;Asociación real previamente revisada;"Catálogo y revisión previa; no se atribuye evidencia nueva al video"
Vestido largo crema de mangas;319.0;;R051, R056;Asociación real previamente revisada;"Catálogo y revisión previa; no se atribuye evidencia nueva al video"
Vestido largo amarillo corte romano;449.0;;R122, R123;Asociación real previamente revisada;"Catálogo y revisión previa; no se atribuye evidencia nueva al video"
Vestido corto de una manga color marrón;389.0;;R006;Asociación real previamente revisada;"Catálogo y revisión previa; no se atribuye evidencia nueva al video"
Vestido corto de lentejuelas rosado de una manga;389.0;;R125;Asociación real previamente revisada;"Catálogo y revisión previa; no se atribuye evidencia nueva al video"
Vestido verde de lentejuelas y mostacillas;329.0;;R005;Asociación real previamente revisada;"Catálogo y revisión previa; no se atribuye evidencia nueva al video"
Vestido corto 3/4 de lentejuelas con terciopelo en el busto;399.0;;R014;Asociación real previamente revisada;"Catálogo y revisión previa; no se atribuye evidencia nueva al video"
Vestido corto rojo de lentejuelas;298.0;;R052;Asociación real previamente revisada;"Catálogo y revisión previa; no se atribuye evidencia nueva al video"
Vestido corto de lentejuelas celeste y azul;449.0;;R147;Asociación real previamente revisada;"Catálogo y revisión previa; no se atribuye evidencia nueva al video"
Vestido corto asimétrico de lentejuelas azul;389.0;;R069, R070, R071;Asociación real previamente revisada;"Catálogo y revisión previa; no se atribuye evidencia nueva al video"
Vestido corto blanco de lentejuelas;349.0;;R002;Asociación real previamente revisada;"Catálogo y revisión previa; no se atribuye evidencia nueva al video"
Vestido corto negro de brillos plateados;549.0;;R011;Nombre y precio confirmados por el usuario;Confirmación del usuario · PD-081
Vestido corto Blanco de una manga;289;;R160;Nombre y precio confirmados por el usuario;Confirmación del usuario · Captura-2026-10-06-R160
Vestido corto drapeado;249;;R163;Nombre y precio confirmados por el usuario;Confirmación del usuario · Captura-2026-10-06-R163
Vestido largo marrón con detalle plateados;319;;R140;Nombre y precio confirmados por el usuario;Confirmación del usuario · Captura-2026-10-06-R140
Vestido corto con escote y detalles plateados;279;;R157;Nombre y precio confirmados por el usuario;Confirmación del usuario · Captura-2026-10-06-R157
Vestido 3/4 blanco de mangas con strass plateadas;549;;R113, R114;Nombre y precio confirmados por el usuario;Confirmación del usuario · Captura-2026-10-06-R113
Vestido corto satín (Talla S);179;;R010, R159;Nombre y precio confirmados por el usuario;Confirmación del usuario · Captura-2026-10-06-R10
Vestido corto drapeado marrón con blanco;389;;R013, R162;Nombre y precio confirmados por el usuario;Confirmación del usuario · Captura-2026-10-06-R13
Vestido crema de Gaza con detalles estrellas doradas;289;;R161;Nombre y precio confirmados por el usuario;Confirmación del usuario · Captura-2026-10-06-R161
Vestido Largo Color Pic Blue;579;;R016;Nombre y precio confirmados por el usuario;Confirmación del usuario · GALA-CAPTURA-R16
Vestido largo azul corte sirena con tirantes cruzados;499;;R039, R040, R042;Nombre y precio confirmados por el usuario;Confirmación del usuario · GALA-CAPTURA-R39
Vestido largo de gala dorado;549;;R124, R130;Nombre y precio confirmados por el usuario;Confirmación del usuario · GALA-CAPTURA-R124
Vestido de gala gamusa color guinda con perlas;589;;R076, R077;Nombre y precio confirmados por el usuario;Confirmación del usuario · GALA-CAPTURA-R76
Vestido elegante sirena color verde;389;;R074, R075;Nombre y precio confirmados por el usuario;Confirmación del usuario · GALA-CAPTURA-R74
Vestido largo de gala lentejuelas negro con mangas;729;;R082, R087, R098, R104;Nombre y precio confirmados por el usuario;Confirmación del usuario · GALA-CAPTURA-R82
Vestido fucsia con escote y pliegue izquierdo;549;;R072, R078;Nombre y precio confirmados por el usuario;Confirmación del usuario · GALA-CAPTURA-R72
Vestido largo de gala asimétrico de una manga dorado con negro;579;;R090, R091;Nombre y precio confirmados por el usuario;Confirmación del usuario · GALA-CAPTURA-R90
Vestido corte acampanado de tejido brillante;589;;R068, R073;Nombre y precio confirmados por el usuario;Confirmación del usuario · GALA-CAPTURA-R68
Vestido sirena color verde gamuzado con mangas y cuello cuadrado;519;;R079, R083;Nombre y precio confirmados por el usuario;Confirmación del usuario · GALA-CAPTURA-R79
Vestido sirena de lentejuelas verdes con detalles en los hombros;549;;R086, R092;Nombre y precio confirmados por el usuario;Confirmación del usuario · GALA-CAPTURA-R86
Vestido largo de mangas semi drapeado con detalles de brillos en…;549;;R084, R085;Nombre y precio confirmados por el usuario;Confirmación del usuario · GALA-CAPTURA-R84
Vestido asimétrico dorado largo de gala;649;;R100, R101;Nombre y precio confirmados por el usuario;Confirmación del usuario · GALA-CAPTURA-R100
Vestido rojo de gala con strass plateadas;389;;R064, R102, R103;Nombre y precio confirmados por el usuario;Confirmación del usuario · GALA-CAPTURA-R64
Vestido de gala rojo con aplicaciones plateadas;349;;R062;Nombre y precio confirmados por el usuario;Confirmación del usuario · GALA-CAPTURA-R62
Vestido largo con semi cola y detalles de pedrería plateados y mora…;699;;R106;Nombre y precio confirmados por el usuario;Confirmación del usuario · GALA-CAPTURA-R106
Vestido sirena de gala verde con perlas;729;;R105;Nombre y precio confirmados por el usuario;Confirmación del usuario · GALA-CAPTURA-R105
Vestido de gala de lentejuelas color Brown;589;;R023, R024;Nombre y precio confirmados por el usuario;Confirmación del usuario · GALA-CAPTURA-R23
Vestido de gala de lentejuelas rosa;469;;R017, R021;Nombre y precio confirmados por el usuario;Confirmación del usuario · GALA-CAPTURA-R17
Vestido de gala negro con detalles plateados;429;;R134, R136;Nombre y precio confirmados por el usuario;Confirmación del usuario · GALA-CAPTURA-R134
Vestido de gala de lentejuelas · modelo plomo;529;;R112, R116;Nombre y precio confirmados por el usuario;Confirmación del usuario · GALA-CAPTURA-R112
Vestido de gala de lentejuelas · modelo estampado;449;;R138, R139;Nombre y precio confirmados por el usuario;Confirmación del usuario · GALA-CAPTURA-R138
Vestido de gala crema con azul;569;;R137, R141;Nombre y precio confirmados por el usuario;Confirmación del usuario · GALA-CAPTURA-R137
Vestido largo de gala blanco con rayas moradas y morado y de cap…;579;;R110, R111;Nombre y precio confirmados por el usuario;Confirmación del usuario · GALA-CAPTURA-R110
Vestido largo crema de perlas y pedrería plateadas;669;;R118, R119;Nombre y precio confirmados por el usuario;Confirmación del usuario · GALA-CAPTURA-R118
Vestido largo de gala dorado con rayas doradas y blanco;539;;R117, R120;Nombre y precio confirmados por el usuario;Confirmación del usuario · GALA-CAPTURA-R117
Vestido largo verde limón;599;;R036, R037, R041;Nombre y precio confirmados por el usuario;Confirmación del usuario · PD-022
Vestido negro largo de perlas con detalles;319;;R053, R054;Nombre y precio confirmados por el usuario;Confirmación del usuario · R053
Conjunto Bandage;349;;R108, R151;Nombre y precio confirmados por el usuario;Confirmación del usuario · R151
Vestido Bandage Amarillo;389;;R057, R058;Nombre y precio confirmados por el usuario;Confirmación del usuario · R057
Vestido negro brillante;389;;R022;Nombre y precio confirmados por el usuario;Confirmación del usuario · PD-015
Vestido negro asimétrico con lentejuelas;369;;R007;Nombre y precio confirmados por el usuario;Confirmación del usuario · PD-004
Vestido corto escotado;239;;R004;Nombre y precio confirmados por el usuario;Confirmación del usuario · PD-003
Vestido corto dorado con negro;249;;R003;Nombre y precio confirmados por el usuario;Confirmación del usuario · PD-002
Vestido corto negro de tiras;79;;R001;Nombre y precio confirmados por el usuario;Confirmación del usuario · PD-001
Vestido corto negro;219;;R012;Nombre y precio confirmados por el usuario;Confirmación del usuario · PD-008
Vestido corto negro con plateado;449;;R008;Nombre y precio confirmados por el usuario;Confirmación del usuario · PD-005
Vestido Bandage corto negro con aplicaciones plateadas;389;;R088, R089;Nombre y precio confirmados por el usuario;Confirmación del usuario · PD-044
Vestido crema de encaje y tull asimétrico;194.5;;R109;Nombre y precio confirmados por el usuario;Confirmación del usuario · PD-053
Shall de tull con encaje negro;189;;R115, R121;Nombre y precio confirmados por el usuario;Confirmación del usuario · PD-057
Vestido Bandage Negro/Blanco;449;;R146;Nombre y precio confirmados por el usuario;Confirmación del usuario · R146
Vestido vino strapless de tirantes con copas de pedrería;549;;R032;Nombre y precio confirmados por el usuario;Confirmación del usuario · R032
Vestido Bandage Rosado;419;;R144, R019, R018;Nombre y precio confirmados por el usuario;Confirmación del usuario · PD-070 / PD-013
Vestido Bandage dorado de flecos;389;;R143;Nombre y precio confirmados por el usuario;Confirmación del usuario · PD-069
Vestido corto plomo con detalle de lentejuelas y pliegue;319;;R080, R081, R097, R099;Nombre y precio confirmados por el usuario;Confirmación del usuario · R080-R081-R097-R099
Vestido drapeado azul asimétrico;389;;R009, R158;Nombre y precio confirmados por el usuario;Confirmación del usuario · PD-006
Vestido corto de diamantes de imitación plateadas;349;;R135, R131;Nombre y precio confirmados por el usuario;Confirmación del usuario · PD-062
Vestido corto de lentejuelas con detalles de perlas;419;;R020;Nombre y precio confirmados por el usuario;Confirmación del usuario · PD-014
Vestido de lentejuelas vintage color azul;489;;R025;Nombre y precio confirmados por el usuario;Confirmación del usuario · PD-017
Vestido de pedrería negro con plumas;469;;R061, R063;Nombre y precio confirmados por el usuario;Confirmación del usuario · PD-030
Vestido corto guinda de perlas;389;;R067;Nombre y precio confirmados por el usuario;Confirmación del usuario · PD-034
