categoria_texto;nombre;precio_texto_pen;precio_final_pen;precio_regular_pen;video;estado;solo_vestido
GALA DRESSES;Vestido de gala en degradado;749.0;749;;5;Precio confirmado en grabación;True
GALA DRESSES;Vestido largo azul acero;699.0;699;;5;Precio confirmado en grabación;True
GALA DRESSES;Vestido largo palo rosa;699.0;699;;5;Precio confirmado en grabación;True
GALA DRESSES;Vestido palo rosa gasa y satín;649.0;649;;5;Precio confirmado en grabación;True
GALA DRESSES;Vestido de gasa azul;649.0;649;;5;Precio confirmado en grabación;True
GALA DRESSES;Vestido largo morado claro;649.0;649;;5;Precio confirmado en grabación;True
GALA DRESSES;Vestido sirena palo rosa de lentejuelas;569.0;569;;5;Precio confirmado en grabación;True
GALA DRESSES;Vestido vino strapless de tirantes con copas de pedrería;549.0;549;;5;Precio confirmado en grabación;True
GALA DRESSES;Vestido largo corte sirena negro con lazo y mangas;549.0;549;;5;Precio confirmado en grabación;True
GALA DRESSES;Vestido largo azul;349.0;349;;5;Precio confirmado en grabación;True
GALA DRESSES;Vestido crema de encaje y tul asimétrico;194.5;194.5;389;5;Precio confirmado en grabación;True
VESTIDOS LARGOS;Vestido estampado floreado;629.0;629;;1;Precio confirmado en grabación;True
VESTIDOS LARGOS;Vestido largo verde limón;599.0;599;;1;Precio confirmado en grabación;True
VESTIDOS LARGOS;Vestido largo animal print;599.0;599;;1;Precio confirmado en grabación;True
VESTIDOS LARGOS;Vestido largo Bandage color Rojo;549.0;549;;1;Precio confirmado en grabación;True
VESTIDOS LARGOS;Vestido largo floreado de tirantes;499.0;499;;1;Precio confirmado en grabación;True
VESTIDOS LARGOS;Vestido largo amarillo con lazo;;449.0;;;"No visible en las grabaciones recibidas; no validado";True
VESTIDOS LARGOS;Vestido largo floreado;449.0;449;;1;Precio confirmado en grabación;True
VESTIDOS LARGOS;Vestido romano largo floreado;;439.0;;;"No visible en las grabaciones recibidas; no validado";True
VESTIDOS LARGOS;Vestido largo color Fucsia;;389.0;;;"No visible en las grabaciones recibidas; no validado";True
VESTIDOS LARGOS;Vestido largo anaranjado de mangas largas de rosas;369.0;369;;1;Precio confirmado en grabación;True
VESTIDOS LARGOS;Vestido floreado multicolor;349.0;349;;1;Precio confirmado en grabación;True
VESTIDOS LARGOS;Vestido blanco de corte sirena, de manga larga de rosas;349.0;349;;1;Precio confirmado en grabación;True
VESTIDOS LARGOS;Vestido Animal Print Multicolor;329.0;329;;1;Precio confirmado en grabación;True
VESTIDOS LARGOS;Vestido largo crema de mangas;319.0;319;;1;Precio confirmado en grabación;True
VESTIDOS LARGOS;Vestido largo amarillo corte romano;319.0;449;;1;Corregido según grabación;True
VESTIDOS LARGOS;Vestido rojo largo de manga abanicada;289.0;289;;1;Precio confirmado en grabación;True
VESTIDOS LARGOS;Vestido estampado multicolor;289.0;289;;1;Precio confirmado en grabación;True
VESTIDOS LARGOS;Vestido largo blanco con estampado flores;269.0;269;;1;Precio confirmado en grabación;True
VESTIDOS LARGOS;Vestido corte A animal print;239.0;349;;1;Corregido según grabación;True
VESTIDOS LARGOS;Blusa cola de pato asimétrico blanco con negro;239.0;239;;1;Precio confirmado en grabación;False
VESTIDOS LARGOS;Vestido largo verde con estampado de rosas verdes;229.0;229;;3;Precio confirmado en grabación;True
VESTIDOS LARGOS;Vestido largo de lentejuelas con diamantes;349.0;349;;2;Precio confirmado en grabación;True
VESTIDOS CORTOS;Vestido Bandage negro con lazo blanco;489.0;389;;4;Corregido según grabación;True
VESTIDOS CORTOS;Vestido Bandage Dorado;449.0;449;;4;Precio confirmado en grabación;True
VESTIDOS CORTOS;Vestido Bandage Negro/Blanco;449.0;449;;4;Precio confirmado en grabación;True
VESTIDOS CORTOS;Vestido Bandage Amarillo;429.0;429;;4;Precio confirmado en grabación;True
VESTIDOS CORTOS;Vestido color verde terciopelo semi drapeado con manga y escote;429.0;429;;3;Precio confirmado en grabación;True
VESTIDOS CORTOS;Bandage Dress de colores;399.0;399;;4;Precio confirmado en grabación;True
VESTIDOS CORTOS;Vestido Bandage Amarillo;389.0;389;;4;Precio confirmado en grabación;True
VESTIDOS CORTOS;Vestido corto de una manga color marrón;389.0;389;;2;Precio confirmado en grabación;True
VESTIDOS CORTOS;Vestido corto blanco drapeado con mangas largas;389.0;389;;3;Precio confirmado en grabación;True
VESTIDOS CORTOS;VESTIDO BANDAGE Caqui ceñido;;379.0;;4;"La grabación no muestra precio; confirmar con dueño";True
VESTIDOS CORTOS;Vestido Bandage Color Verde Con Rayas;379.0;379;;4;Precio confirmado en grabación;True
VESTIDOS CORTOS;Vestido Bandage rojo;369.0;389;;4;Corregido según grabación;True
VESTIDOS CORTOS;Bandage dress nude con blanco;369.0;389;;4;Corregido según grabación;True
VESTIDOS CORTOS;Vestido drapeado verde de mangas con escote;369.0;359;;3;Corregido según grabación;True
VESTIDOS CORTOS;Conjunto Bandage;349.0;349;;4;Precio confirmado en grabación;False
VESTIDOS CORTOS;Vestido blanco mini elegante con perlas;329.0;329;;3;Precio confirmado en grabación;True
VESTIDOS CORTOS;Vestido blanco con perlas;319.0;319;;3;Precio confirmado en grabación;True
VESTIDOS CORTOS;Vestido corto cuello diagonal, plisado y liso;319.0;319;;3;Precio confirmado en grabación;True
VESTIDOS CORTOS;Vestido drapeado azul asimétrico;319.0;389;;3;Corregido según grabación;True
VESTIDOS CORTOS;Vestido corto verde agua con tirantes;299.0;299;;3;Precio confirmado en grabación;True
VESTIDOS CORTOS;Vestido de cuello cuadrado de manga larga color rosado;289.0;299;;3;Corregido según grabación;True
VESTIDOS CORTOS;Vestido lila en rib;269.0;289;;3;Corregido según grabación;True
VESTIDOS CORTOS;Vestido licra licrado azul;249.0;249;;3;Precio confirmado en grabación;True
VESTIDOS CORTOS;Vestido corto celeste con corte sirena;239.0;239;;3;Precio confirmado en grabación;True
VESTIDOS CORTOS;Vestido corto blanco con capa;239.0;239;;3;Precio confirmado en grabación;True
VESTIDOS CORTOS;Falda Bandage Dress;219.0;219;;4;Precio confirmado en grabación;False
VESTIDOS CORTOS;Vestido Corto Bellmet asimétrica color verde;189.0;189;;3;Precio confirmado en grabación;True
VESTIDOS CORTOS;Vestido Bandage Blanco/Negro;144.5;144.5;289;4;Precio confirmado en grabación;True
VESTIDOS CORTOS;Vestido corto con volantes de cuello redondo;115.6;115.6;289;3;Precio confirmado en grabación;True
VESTIDOS CORTOS;Vestido corto satén estampado;86.7;86.7;289;3;Precio confirmado en grabación;True
VESTIDOS CORTOS;Vestidos Corto con mangas y ajustado color azul con estampado floral;86.7;68.7;229;3;Corregido según grabación;True
VESTIDOS CORTOS CON BRILLOS;Vestido Bandage negro con rosado y perlas rosadas;679.0;679;;4;Precio confirmado en grabación;True
VESTIDOS CORTOS CON BRILLOS;Vestido Bandage blanco y crema de perlas;549.0;549;;4;Precio confirmado en grabación;True
VESTIDOS CORTOS CON BRILLOS;VESTIDO CORTO Negro con tirantes y pedrería;399.0;399;;2;Precio confirmado en grabación;True
VESTIDOS CORTOS CON BRILLOS;Vestido corto 3/4 de lentejuelas con terciopelo en el busto;399.0;399;;2;Precio confirmado en grabación;True
VESTIDOS CORTOS CON BRILLOS;Vestido corto champagne de lentejuelas con cuello alto;389.0;389;;2;Precio confirmado en grabación;True
VESTIDOS CORTOS CON BRILLOS;Vestido de lentejuelas palo rosa de transparencias;389.0;389;;2;Precio confirmado en grabación;True
VESTIDOS CORTOS CON BRILLOS;Vestido corto de lentejuelas rosado de una manga;389.0;389;;2;Precio confirmado en grabación;True
VESTIDOS CORTOS CON BRILLOS;VESTIDO BANDAGE Rojo corto de pedrería plateada;379.0;379;;4;Precio confirmado en grabación;True
VESTIDOS CORTOS CON BRILLOS;Vestido corto de tirantes negro con pedrería de tirantes con transparencia;369.0;369;;2;Precio confirmado en grabación;True
VESTIDOS CORTOS CON BRILLOS;Vestido corto de lentejuelas verde;369.0;369;;2;Precio confirmado en grabación;True
VESTIDOS CORTOS CON BRILLOS;Vestido Bandage negro con aplicaciones plateadas;369.0;389;;4;Corregido según grabación;True
VESTIDOS CORTOS CON BRILLOS;Vestido bandage corto negro con aplicaciones plateadas;369.0;389;;4;Corregido según grabación;True
VESTIDOS CORTOS CON BRILLOS;Vestido corto azul con cinturón de Aplicaciones plateado;369.0;369;;3;Precio confirmado en grabación;True
VESTIDOS CORTOS CON BRILLOS;Vestido corto blanco de lentejuelas tornasoladas de un hombro con capa;349.0;349;;2;Precio confirmado en grabación;True
VESTIDOS CORTOS CON BRILLOS;Vestido Corto Verde de Pedrería Plateadas y de Perlas;349.0;399;;2;Corregido según grabación;True
VESTIDOS CORTOS CON BRILLOS;Bandage Dress negro con pedrería;349.0;349;;4;Precio confirmado en grabación;True
VESTIDOS CORTOS CON BRILLOS;Vestido verde de lentejuelas y mostacillas;329.0;329;;2;Precio confirmado en grabación;True
VESTIDOS CORTOS CON BRILLOS;Vestido corto rojo de pedrería;329.0;329;;2;Precio confirmado en grabación;True
VESTIDOS CORTOS CON BRILLOS;Vestido corto azul;329.0;329;;2;Precio confirmado en grabación;True
VESTIDOS CORTOS CON BRILLOS;Vestido corto plomo con detalle de lentejuelas y pliegues;299.0;319;;3;Corregido según grabación;True
VESTIDOS CORTOS CON BRILLOS;Vestido de lentejuelas corto rojo;289.0;289;;2;Precio confirmado en grabación;True
VESTIDOS CORTOS CON BRILLOS;Bralette negro con pedrería de colores;199.0;199;;4;Precio confirmado en grabación;False
VESTIDOS CORTOS CON BRILLOS;Vestido corto dorado de una manga;194.5;194.5;389;2;Precio confirmado en grabación;True
VESTIDOS CORTOS CON BRILLOS;Vestido (L) transparente con diamantes de imitación;164.5;164.5;329;2;Precio confirmado en grabación;True
VESTIDOS CORTOS CON BRILLOS;Vestido corto negro con mangas plateadas;119.5;119.5;239;2;Precio confirmado en grabación;True
VESTIDOS CORTOS CON BRILLOS;Vestido corto color verde (S M);114.5;114.5;229;2;Precio confirmado en grabación;True
VESTIDOS CORTOS CON BRILLOS;Vestido corto negro con plateado;75.6;75.6;189;2;Precio confirmado en grabación;True
